{"schemaVersion":"1.0","appDefinitionTemplate":{"id":"/providers/Microsoft.PowerApps/apps/","type":"Microsoft.PowerApps/apps","tags":{"primaryDeviceWidth":"1366","primaryDeviceHeight":"768","supportsPortrait":"true","supportsLandscape":"true","primaryFormFactor":"Tablet","publisherVersion":"3.22082.8","minimumRequiredApiVersion":"2.2.0","hasComponent":"false","hasUnlockedComponent":"false","isUnifiedRootApp":"false","sienaVersion":"20220824T185046Z-3.22082.8.0"},"properties":{"appVersion":"2022-08-24T18:50:46Z","lifeCycleId":"Published","createdByClientVersion":{"major":3,"minor":22082,"build":8,"revision":0,"majorRevision":0,"minorRevision":0},"minClientVersion":{"major":3,"minor":22082,"build":8,"revision":0,"majorRevision":0,"minorRevision":0},"backgroundColor":"RGBA(0,176,240,1)","backgroundImageUri":"/11970953745104294771/N24273a93-39fd-4fed-8ca3-01b76ad813cd-logoSmallFile","displayName":"Example","description":"","commitMessage":"","appUris":{"documentUri":{"value":"/11970953745104294771/N97dcbdeb-c2da-4306-a148-784aca398a29-document.msapp"},"imageUris":[],"additionalUris":[]},"createdTime":"0001-01-01T00:00:00Z","lastModifiedTime":"0001-01-01T00:00:00Z","sharedGroupsCount":0,"sharedUsersCount":0,"icons":{"smallIconUri":"/11970953745104294771/N7b3228fa-05ac-4842-b0f0-a73d9d910502-small.png","mediumIconUri":"/11970953745104294771/N8dc3a3aa-0225-4aa2-9ea0-d4119c7cca59-medium.png","largeIconUri":"/11970953745104294771/N24a0b064-742a-46fe-8eea-c630b02f3b66-large.png","wideIconUri":"/11970953745104294771/N2c479907-df02-4e81-bf2f-7b75ad13ed9a-wide.png"},"connectionReferences":{"50e11a6a-ae81-4302-9646-8794781c0b5a":{"id":"fa8432e3-1d80-431a-b868-0a4c4f907dc7","displayName":"SharePoint","iconUri":"https://connectoricons-prod.azureedge.net/releases/v1.0.1591/1.0.1591.2961/sharepointonline/icon.png","dataSources":["ErrorKind_1","ErrorLog"],"dependencies":[],"dependents":[],"parameterHints":{},"parameterHintsV2":{},"isOnPremiseConnection":false,"bypassConsent":false,"dataSets":{"https://decisionforward.sharepoint.com/sites/PowerPlatformLab":{"dataSources":{"ErrorKind_1":{"tableName":"d1466433-440b-48c6-98cc-ca09e69c7f46"},"ErrorLog":{"tableName":"e920713f-1b79-4800-bba5-2c4bef91fa95"}}}},"apiTier":"Standard","isCustomApiConnection":false,"actions":["providers/PowerPlatform.Governance/Operations/Read"]}},"databaseReferences":{},"almMode":"Environment","performanceOptimizationEnabled":true,"canConsumeAppPass":true,"enableModernRuntimeMode":false,"executionRestrictions":{"isTeamsOnly":false,"dataLossPreventionEvaluationResult":{"status":"Compliant","lastEvaluationDate":"2022-08-24T14:33:39.6266032Z","violations":[],"violationsByPolicy":[],"violationErrorMessage":"The app uses the following connectors: shared_sharepointonline."}}},"appType":"ClassicCanvasApp","appComponents":[]}}